{"loss": [0.5737035870552063, 0.38870546221733093, 0.3216879367828369, 0.2742074429988861, 0.21828261017799377, 0.17083051800727844, 0.1584690362215042, 0.16741634905338287, 0.22241975367069244, 0.1315586268901825, 0.13885679841041565, 0.13897135853767395, 0.11428254097700119, 0.10115590691566467, 0.1378573626279831, 0.13330744206905365, 0.11714952439069748, 0.09695331752300262, 0.08848607540130615, 0.0856008380651474, 0.07218606770038605], "mae": [0.5747583508491516, 0.4935176372528076, 0.43341800570487976, 0.4075852632522583, 0.37348613142967224, 0.3136734366416931, 0.29052138328552246, 0.3130076229572296, 0.37197110056877136, 0.28534412384033203, 0.2849304676055908, 0.274740993976593, 0.25445905327796936, 0.24076950550079346, 0.2919372022151947, 0.2753167748451233, 0.2644537687301636, 0.24089428782463074, 0.2357024848461151, 0.22030164301395416, 0.2135312259197235], "val_loss": [0.3665427565574646, 0.350772500038147, 0.3288690745830536, 0.31390005350112915, 0.27191027998924255, 0.2501402795314789, 0.2931685745716095, 0.37595319747924805, 0.4337110221385956, 0.4369646906852722, 0.40997326374053955, 0.4234623908996582, 0.4522157311439514, 0.46458494663238525, 0.4784897267818451, 0.4537648856639862, 0.43537911772727966, 0.4251166880130768, 0.41220518946647644, 0.3783482313156128, 0.36346882581710815], "val_mae": [0.5974356532096863, 0.5846461653709412, 0.566048800945282, 0.5526688694953918, 0.5119790434837341, 0.4907298982143402, 0.5333773493766785, 0.6062957644462585, 0.6524047255516052, 0.655391275882721, 0.6350716948509216, 0.6454530358314514, 0.6674109697341919, 0.6763426661491394, 0.6861448287963867, 0.6672727465629578, 0.6539161801338196, 0.6464630365371704, 0.6369559168815613, 0.6102285385131836, 0.597650945186615], "learning_rate": [0.0010000000474974513, 0.0010000000474974513, 0.0010000000474974513, 0.0010000000474974513, 0.0010000000474974513, 0.0010000000474974513, 0.0010000000474974513, 0.0010000000474974513, 0.0010000000474974513, 0.0010000000474974513, 0.0010000000474974513, 0.0007000000332482159, 0.0007000000332482159, 0.0007000000332482159, 0.0007000000332482159, 0.0007000000332482159, 0.0004900000058114529, 0.0004900000058114529, 0.0004900000058114529, 0.0004900000058114529, 0.0004900000058114529]}